ФИО,Группа,id,type,sub_type,start_date,end_date,listing_type,tom,building_age,total_floor_count,floor_no,room_count,size,address,furnished,heating_type,price,price_currency,predicted_price
Салманов Илья,23П-4,49,Konut,Kooperatif,11/10/18,12/10/18,1,30,0,10,Müstakil,1+0,1.0,İzmir/Aliağa/Yenişakran,,Fancoil,300000.0,TRY,322572.15
Салманов Илья,23П-4,506,Konut,Çiftlik Evi,10/25/18,2/23/19,1,121,2,2,,2+2,250.0,İzmir/Foça/Yeniköy,,Yok,1600000.0,TRY,1136227.13
Салманов Илья,23П-4,2,Konut,Daire,2/13/19,,1,14,0,20 ve üzeri,20 ve üzeri,1+0,43.0,İstanbul/Kartal/Kordonboyu,,Fancoil,490000.0,TRY,540926.22
Салманов Илья,23П-4,528,Konut,Prefabrik Ev,11/16/18,1/21/19,1,66,,1,,3+1,122.0,Tekirdağ/Çerkezköy/Kızılpınar,,Yok,103600.0,TRY,104548.87
Салманов Илья,23П-4,109,Konut,Kooperatif,11/10/18,1/9/19,1,60,0,10,Müstakil,1+0,1.0,İzmir/Aliağa/Yenişakran,,Fancoil,300000.0,TRY,322164.21
Салманов Илья,23П-4,100,Konut,Yazlık,1/12/19,,1,46,1,10,9,3+1,150.0,Mersin/Erdemli/Kargıpınarı,,Fancoil,500000.0,TRY,432399.08
Салманов Илья,23П-4,320,Konut,Yazlık,2/12/19,2/12/19,1,0,0,2,Müstakil,4+1,134.0,Balıkesir/Burhaniye/Pelitköy,,Fancoil,1000000.0,TRY,824159.44
Салманов Илья,23П-4,3,Konut,Daire,10/9/18,11/8/18,1,30,0,1,Yüksek Giriş,2+1,,Tekirdağ/Çorlu/Reşadiye,,Fancoil,155000.0,TRY,276203.37
Салманов Илья,23П-4,7810,Konut,Loft,12/30/18,1/29/19,1,30,,4,,4+1,145.0,İzmir/Konak/Akın Simav,,Kalorifer (Doğalgaz),650000.0,TRY,722083.53
Салманов Илья,23П-4,11,Konut,Müstakil Ev,11/13/18,11/26/18,1,13,0,1,Bahçe katı,3+1,125.0,Muğla/Bodrum/Ortakentyahşi,,Fancoil,2450000.0,TRY,744914.64
Салманов Илья,23П-4,1,Konut,Rezidans,12/10/18,1/9/19,2,30,0,20 ve üzeri,2,2+1,90.0,İstanbul/Kartal/Kordonboyu,,Fancoil,3500.0,TRY,1306466.01
Салманов Илья,23П-4,758,Konut,Çiftlik Evi,2/17/19,,2,10,2,1,,1+0,120.0,Malatya/Akçadağ/Aksüt,,Yok,19000.0,TRY,292780.78
Салманов Илья,23П-4,496,Konut,Komple Bina,11/21/18,,2,98,0,4,,+,905.0,Kocaeli/İzmit/Alikahya Fatih,,Yok,12500.0,TRY,1502471.09
Салманов Илья,23П-4,7,Konut,Daire,1/4/19,,2,54,0,20 ve üzeri,14,3+1,160.0,İstanbul/Kartal/Kordonboyu,,Fancoil,3750.0,TRY,556134.98
Салманов Илья,23П-4,1942,Konut,Yalı Dairesi,11/27/18,,2,92,,2,1,3+1,,Muğla/Marmaris/Siteler,,Yok,750.0,TRY,881345.93
Салманов Илья,23П-4,58,Konut,Villa,10/2/18,11/1/18,2,30,6-10 arası,2,,4+1,200.0,İzmir/Urla/Çamlıçay,,Fancoil,3600.0,TRY,943608.97
Салманов Илья,23П-4,91731,Konut,Loft,9/10/18,2/9/19,2,152,,9,,2+1,,Adana/Seyhan/Gürselpaşa,,Kombi (Doğalgaz),16000.0,TRY,532161.38
Салманов Илья,23П-4,680,Konut,Yazlık,11/15/18,,2,104,11-15 arası,2,Komple,2+1,85.0,Aydın/Kuşadası/Kadınlar Denizi,,Yok,1200.0,TRY,345769.54
Салманов Илья,23П-4,16,Konut,Villa,10/2/18,1/4/19,2,94,6-10 arası,2,,4+1,200.0,İzmir/Urla/Çamlıçay,,Fancoil,3600.0,TRY,987444.1
Салманов Илья,23П-4,18,Konut,Daire,12/10/18,1/9/19,2,30,0,20 ve üzeri,20 ve üzeri,2+1,84.0,İstanbul/Kartal/Kordonboyu,,Fancoil,4200.0,TRY,345544.64
